id,anchor_names,library_names
0,Taselisib,Luminespib
1,SCH772984,Gemcitabine
2,Bortezomib,Alisertib
3,Bortezomib,Venetoclax
4,BMS-754807,Afatinib
5,MK-2206,Oxaliplatin
6,SB505124,SB216763
7,Cisplatin,AZD6482
8,Trametinib,Paclitaxel
9,Galunisertib,Linsitinib
10,Luminespib,MK-2206
11,Navitoclax,RO-3306
12,BMS-754807,Trametinib
13,MK-2206,Camptothecin
14,Dasatinib,Paclitaxel
15,Olaparib,Camptothecin
16,Dasatinib,Palbociclib
17,Gemcitabine,PF-4708671
18,SB505124,Afatinib
19,Temozolomide,SB216763
20,Gemcitabine,Vorinostat
21,Sapitinib,SCH772984
22,Linsitinib,Sapitinib
23,Dasatinib,Cisplatin
24,Pictilisib,Dabrafenib
25,Lapatinib,GSK269962A
26,Docetaxel,5-Fluorouracil
27,AZD4547,AZD7762
28,OSI-027,Ribociclib
29,Pictilisib,RO-3306
30,Oxaliplatin,SB216763
31,PD173074,Venetoclax
32,Dactolisib,MK-1775
33,Olaparib,Wee1 Inhibitor
34,Gemcitabine,Palbociclib
35,Pictilisib,Alisertib
36,Linsitinib,SB216763
37,PD173074,Cisplatin
38,Pictilisib,JQ1
39,Trametinib,Gemcitabine
40,Taselisib,Nilotinib
41,Palbociclib,LGK974
42,Palbociclib,Dasatinib
43,SB216763,LGK974
44,Luminespib,5-Fluorouracil
45,Cisplatin,AZD7762
46,Palbociclib,Navitoclax
47,Sorafenib,Irinotecan
48,Vinorelbine,SB505124
49,Vinorelbine,Crizotinib
50,Ruxolitinib,Linsitinib
51,MK-2206,Sapitinib
52,Trametinib,Sapitinib
53,MK-1775,Sapitinib
54,Cisplatin,Axitinib
55,Lapatinib,Bortezomib
56,Trametinib,Erlotinib
57,5-Fluorouracil,ZM447439
58,Gemcitabine,Crizotinib
59,Olaparib,Palbociclib
60,Cisplatin,SB216763
61,MK-1775,Gemcitabine
62,Vorinostat,Navitoclax
63,Vinorelbine,MK-2206
64,Luminespib,OSI-027
65,Temozolomide,MK-2206
66,Galunisertib,Crizotinib
67,Afatinib,Palbociclib
68,Lapatinib,Docetaxel
69,Temozolomide,Ribociclib
70,Docetaxel,Sorafenib
71,Olaparib,Entinostat
72,Pictilisib,AZD8055
73,5-Fluorouracil,Irinotecan
74,Temozolomide,Sorafenib
75,SB216763,BMS-754807
76,Trametinib,Olaparib
77,MK-2206,Olaparib
78,Cisplatin,Olaparib
79,BMS-754807,MK-1775
80,Navitoclax,Ruxolitinib
81,Vorinostat,Dabrafenib
82,OSI-027,Dabrafenib
83,Ruxolitinib,MK-1775
84,Olaparib,SB216763
85,Docetaxel,Olaparib
86,Bortezomib,Navitoclax
87,Bortezomib,SB216763
88,Galunisertib,MK-1775
89,Lapatinib,KU-55933
90,Navitoclax,SB216763
91,Crizotinib,Nilotinib
92,MK-1775,RO-3306
93,Linsitinib,Dasatinib
94,Lapatinib,AZD8055
95,Sapitinib,PD173074
96,Pictilisib,PF-4708671
97,Palbociclib,Alisertib
98,Gemcitabine,AZD7762
99,Paclitaxel,Crizotinib
100,PD173074,Palbociclib
101,Crizotinib,Sorafenib
102,Oxaliplatin,5-Fluorouracil
103,Trametinib,RO-3306
104,Sapitinib,Taselisib
105,PD173074,Gemcitabine
106,AZD7762,Vinorelbine
107,Oxaliplatin,LGK974
108,Linsitinib,Olaparib
109,MK-1775,Paclitaxel
110,Cisplatin,Wee1 Inhibitor
111,Sapitinib,Oxaliplatin
112,Pictilisib,Doramapimod
113,AZD7762,Nilotinib
114,Erlotinib,Oxaliplatin
115,Taselisib,MK-1775
116,SB216763,Taselisib
117,MK-1775,Cisplatin
118,Erlotinib,5-Fluorouracil
119,BMS-754807,Vinorelbine
120,Oxaliplatin,Paclitaxel
121,Lapatinib,AZD7762
122,Gemcitabine,Taselisib
123,Irinotecan,5-Fluorouracil
124,Navitoclax,Palbociclib
125,Galunisertib,Taselisib
126,Temozolomide,OSI-027
127,AZD7762,Ruxolitinib
128,MK-1775,Wee1 Inhibitor
129,Gemcitabine,OSI-027
130,Navitoclax,SB505124
131,SB216763,Crizotinib
132,Luminespib,Palbociclib
133,Navitoclax,PD173074
134,Crizotinib,KU-55933
135,Camptothecin,Afatinib
136,Crizotinib,Luminespib
137,Luminespib,Dabrafenib
138,Axitinib,RO-3306
139,Linsitinib,Alpelisib
140,Navitoclax,Sapitinib
141,AZD7762,SCH772984
142,LGK974,Afatinib
143,Pictilisib,Crizotinib
144,Dactolisib,Ruxolitinib
145,Olaparib,5-Fluorouracil
146,Palbociclib,Irinotecan
147,Navitoclax,Gemcitabine
148,Dasatinib,Lapatinib
149,Navitoclax,Oxaliplatin
150,OSI-027,5-Fluorouracil
151,AZD7762,NU7441
152,Vorinostat,Olaparib
153,Irinotecan,Paclitaxel
154,OSI-027,AZD7762
155,Docetaxel,NU7441
156,Bortezomib,ZM447439
157,AZD7762,Olaparib
158,Sapitinib,OSI-027
159,LGK974,AZD8055
160,Galunisertib,Ruxolitinib
161,Crizotinib,Olaparib
162,Ruxolitinib,Cisplatin
163,Sapitinib,Bortezomib
164,Camptothecin,AZD8055
165,Crizotinib,SCH772984
166,Gemcitabine,Ribociclib
167,Axitinib,Cisplatin
168,Linsitinib,Oxaliplatin
169,Trametinib,Pictilisib
170,AZD7762,Axitinib
171,Pictilisib,Camptothecin
172,Olaparib,Paclitaxel
173,Pictilisib,Afatinib
174,Oxaliplatin,Sapitinib
175,Temozolomide,RO-3306
176,Navitoclax,Entinostat
177,AZD4547,Dabrafenib
178,Luminespib,PF-4708671
179,Linsitinib,Crizotinib
180,MK-2206,OSI-027
181,Olaparib,Luminespib
182,Temozolomide,Vorinostat
183,Irinotecan,Oxaliplatin
184,Oxaliplatin,Gemcitabine
185,Vinorelbine,Camptothecin
186,Taselisib,5-Fluorouracil
187,Sorafenib,Taselisib
188,AZD7762,AZD4547
189,Dactolisib,Trametinib
190,Erlotinib,MK-1775
191,Linsitinib,PD173074
192,Axitinib,Ribociclib
193,Lapatinib,Alpelisib
194,AZD7762,Vorinostat
195,Temozolomide,Entinostat
196,AZD7762,Erlotinib
197,Olaparib,Doramapimod
198,Axitinib,Sorafenib
199,Gemcitabine,Dactolisib
200,Palbociclib,Crizotinib
201,MK-1775,AZD8055
202,Crizotinib,Vorinostat
203,MK-2206,RO-3306
204,Palbociclib,ZM447439
205,AZD4547,Camptothecin
206,Vinorelbine,Dabrafenib
207,SCH772984,Afatinib
208,SB216763,MK-2206
209,Sorafenib,Palbociclib
210,5-Fluorouracil,Bortezomib
211,Afatinib,Navitoclax
212,Dasatinib,Linsitinib
213,Sapitinib,Camptothecin
214,Sorafenib,Dactolisib
215,Temozolomide,Pictilisib
216,Olaparib,Erlotinib
217,Cisplatin,Erlotinib
218,5-Fluorouracil,Wee1 Inhibitor
219,Lapatinib,PF-4708671
220,Palbociclib,MK-1775
221,Pictilisib,Tozasertib
222,Galunisertib,Dasatinib
223,Paclitaxel,Dactolisib
224,Navitoclax,Cisplatin
225,Trametinib,GSK269962A
226,Dasatinib,SCH772984
227,OSI-027,Pictilisib
228,Dabrafenib,Trametinib
229,Luminespib,BI-2536
230,OSI-027,MK-2206
231,Camptothecin,LGK974
232,MK-1775,SB505124
233,MK-1775,PD173074
234,PD173074,MK-1775
235,Luminespib,Lapatinib
236,Vorinostat,Alpelisib
237,Cisplatin,Luminespib
238,5-Fluorouracil,Galunisertib
239,MK-2206,KU-55933
240,Trametinib,KU-55933
241,Ruxolitinib,Gemcitabine
242,Axitinib,Luminespib
243,SCH772984,Olaparib
244,Luminespib,Cisplatin
245,Bortezomib,Crizotinib
246,Olaparib,Sapitinib
247,Lapatinib,Venetoclax
248,MK-1775,JQ1
249,Vinorelbine,Sapitinib
250,Oxaliplatin,AZD8055
251,AZD7762,Linsitinib
252,MK-1775,Crizotinib
253,Palbociclib,Paclitaxel
254,MK-1775,Oxaliplatin
255,Linsitinib,BMS-754807
256,Olaparib,Vorinostat
257,Luminespib,RO-3306
258,Sapitinib,Temozolomide
259,Afatinib,BMS-754807
260,Ruxolitinib,LGK974
261,Linsitinib,Erlotinib
262,Gemcitabine,NU7441
263,Pictilisib,Bortezomib
264,Camptothecin,AZD7762
265,Vorinostat,Pictilisib
266,5-Fluorouracil,SCH772984
267,Gemcitabine,Navitoclax
268,LGK974,AZD7762
269,Axitinib,SCH772984
270,Palbociclib,SB505124
271,Irinotecan,OSI-027
272,Bortezomib,MK-1775
273,Dactolisib,Erlotinib
274,Pictilisib,MK-1775
275,Trametinib,AZD6482
276,PD173074,Entinostat
277,OSI-027,Tozasertib
278,SCH772984,AZD8055
279,Temozolomide,Luminespib
280,PD173074,RO-3306
281,Luminespib,Pictilisib
282,Linsitinib,OSI-027
283,Vorinostat,Afatinib
284,MK-1775,AZD7762
285,MK-2206,Alisertib
286,Oxaliplatin,Lapatinib
287,Crizotinib,Bortezomib
288,PD173074,NU7441
289,Palbociclib,Vorinostat
290,Vorinostat,Trametinib
291,Irinotecan,Trametinib
292,SB505124,Trametinib
293,MK-2206,Vinorelbine
294,Docetaxel,PD173074
295,Gemcitabine,AZD6482
296,Ruxolitinib,Dactolisib
297,AZD8055,AZD4547
298,Axitinib,Crizotinib
299,Docetaxel,Navitoclax
300,SCH772984,Linsitinib
301,Gemcitabine,Nilotinib
302,Navitoclax,Dactolisib
303,Crizotinib,Uprosertib
304,Palbociclib,Taselisib
305,SB505124,AZD8055
306,Palbociclib,Sapitinib
307,Crizotinib,Docetaxel
308,LGK974,Crizotinib
309,Dabrafenib,Vinorelbine
310,Temozolomide,Cisplatin
311,Trametinib,Navitoclax
312,Navitoclax,BI-2536
313,Sapitinib,Alpelisib
314,Lapatinib,Ruxolitinib
315,PD173074,Trametinib
316,Olaparib,Docetaxel
317,Irinotecan,LGK974
318,Luminespib,Sapitinib
319,Erlotinib,Crizotinib
320,Cisplatin,NU7441
321,Vorinostat,BI-2536
322,OSI-027,Camptothecin
323,MK-2206,PF-4708671
324,Olaparib,AZD4547
325,Temozolomide,Olaparib
326,SCH772984,Crizotinib
327,Afatinib,Crizotinib
328,PD173074,Afatinib
329,MK-2206,Navitoclax
330,Cisplatin,LGK974
331,Sorafenib,MK-1775
332,SB216763,5-Fluorouracil
333,SCH772984,Lapatinib
334,Paclitaxel,MK-1775
335,Lapatinib,Dasatinib
336,Irinotecan,Cisplatin
337,Olaparib,MK-1775
338,Crizotinib,AZD8055
339,AZD8055,Olaparib
340,Sapitinib,AZD6482
341,Olaparib,KU-55933
342,Camptothecin,SCH772984
343,Taselisib,AZD8055
344,AZD4547,MK-2206
345,Dasatinib,LGK974
346,Axitinib,AZD7762
347,Sorafenib,Cisplatin
348,Vorinostat,SB216763
349,Gemcitabine,Alisertib
350,Axitinib,Lapatinib
351,Luminespib,Wee1 Inhibitor
352,Navitoclax,Axitinib
353,Temozolomide,GSK269962A
354,Dasatinib,Erlotinib
355,Docetaxel,Paclitaxel
356,Vorinostat,Axitinib
357,Dabrafenib,SCH772984
358,Gemcitabine,Bortezomib
359,MK-2206,Entinostat
360,Sapitinib,BI-2536
361,OSI-027,Cisplatin
362,Lapatinib,Uprosertib
363,Sorafenib,Paclitaxel
364,Oxaliplatin,Crizotinib
365,Taselisib,Docetaxel
366,SB505124,AZD7762
367,Bortezomib,Cisplatin
368,Navitoclax,Doramapimod
369,Docetaxel,MK-2206
370,5-Fluorouracil,MK-1775
371,Dabrafenib,Olaparib
372,Luminespib,Paclitaxel
373,Axitinib,MK-1775
374,5-Fluorouracil,Vinorelbine
375,AZD4547,BMS-754807
376,Vorinostat,5-Fluorouracil
377,Taselisib,BMS-754807
378,Olaparib,Axitinib
379,Vorinostat,Sorafenib
380,Vinorelbine,AZD7762
381,Palbociclib,Venetoclax
382,5-Fluorouracil,Dactolisib
383,5-Fluorouracil,Taselisib
384,Lapatinib,Nilotinib
385,Pictilisib,Navitoclax
386,Crizotinib,SB216763
387,Taselisib,Dasatinib
388,Crizotinib,Ribociclib
389,Olaparib,LGK974
390,Paclitaxel,Oxaliplatin
391,MK-2206,AZD4547
392,AZD8055,Vinorelbine
393,SCH772984,Taselisib
394,MK-1775,Lapatinib
395,Cisplatin,Docetaxel
396,MK-2206,Uprosertib
397,Dabrafenib,AZD4547
398,Vorinostat,ZM447439
399,Gemcitabine,5-Fluorouracil
400,Luminespib,Nilotinib
401,Pictilisib,Olaparib
402,MK-2206,AZD7762
403,LGK974,Dasatinib
404,Bortezomib,Lapatinib
405,Pictilisib,Gemcitabine
406,Docetaxel,Vorinostat
407,Gemcitabine,BI-2536
408,Sapitinib,Vinorelbine
409,SCH772984,Ruxolitinib
410,Camptothecin,5-Fluorouracil
411,SB505124,Navitoclax
412,Olaparib,Vinorelbine
413,Temozolomide,Wee1 Inhibitor
414,Pictilisib,ZM447439
415,AZD4547,Navitoclax
416,Irinotecan,SCH772984
417,OSI-027,PF-4708671
418,AZD7762,Sapitinib
419,Crizotinib,Alpelisib
420,Bortezomib,Gemcitabine
421,Paclitaxel,Gemcitabine
422,OSI-027,Sapitinib
423,MK-2206,Dasatinib
424,LGK974,Cisplatin
425,Ruxolitinib,Taselisib
426,Docetaxel,OSI-027
427,Cisplatin,PD173074
428,AZD7762,Gemcitabine
429,Vorinostat,Alisertib
430,Olaparib,AZD6482
431,Lapatinib,Luminespib
432,Navitoclax,Alisertib
433,Irinotecan,Olaparib
434,Trametinib,OSI-027
435,LGK974,Palbociclib
436,SB216763,Afatinib
437,Trametinib,Camptothecin
438,Pictilisib,Axitinib
439,Gemcitabine,Venetoclax
440,OSI-027,Alpelisib
441,Luminespib,AZD7762
442,Linsitinib,Ribociclib
443,Linsitinib,Lapatinib
444,5-Fluorouracil,Afatinib
445,Oxaliplatin,Dasatinib
446,Cisplatin,BI-2536
447,Axitinib,Afatinib
448,Crizotinib,Oxaliplatin
449,Luminespib,ZM447439
450,Taselisib,AZD6482
451,OSI-027,Nilotinib
452,Sapitinib,Entinostat
453,5-Fluorouracil,Venetoclax
454,MK-2206,BI-2536
455,Temozolomide,Axitinib
456,Sorafenib,Linsitinib
457,Linsitinib,5-Fluorouracil
458,Bortezomib,PF-4708671
459,Crizotinib,5-Fluorouracil
460,5-Fluorouracil,LGK974
461,Sorafenib,Ruxolitinib
462,Ruxolitinib,Irinotecan
463,Dactolisib,Taselisib
464,5-Fluorouracil,Dasatinib
465,AZD7762,Oxaliplatin
466,Crizotinib,Linsitinib
467,MK-1775,BMS-754807
468,Gemcitabine,SB216763
469,Docetaxel,AZD7762
470,LGK974,BMS-754807
471,OSI-027,Crizotinib
472,Gemcitabine,Camptothecin
473,Sapitinib,Pictilisib
474,Luminespib,Entinostat
475,Camptothecin,BMS-754807
476,Cisplatin,Ribociclib
477,Palbociclib,Docetaxel
478,OSI-027,Paclitaxel
479,MK-2206,Ribociclib
480,Gemcitabine,Alpelisib
481,Vinorelbine,Palbociclib
482,PD173074,ZM447439
483,Linsitinib,Vorinostat
484,Dasatinib,Crizotinib
485,Paclitaxel,Trametinib
486,Sapitinib,Afatinib
487,5-Fluorouracil,Linsitinib
488,Afatinib,Sapitinib
489,Olaparib,GSK269962A
490,Trametinib,Temozolomide
491,Linsitinib,Paclitaxel
492,Temozolomide,Alpelisib
493,Paclitaxel,AZD7762
494,Taselisib,PF-4708671
495,Trametinib,Sorafenib
496,Taselisib,NU7441
497,Cisplatin,Venetoclax
498,Pictilisib,Trametinib
499,Sapitinib,AZD4547
500,Palbociclib,Galunisertib
501,Vorinostat,Gemcitabine
502,Lapatinib,Navitoclax
503,Cisplatin,Doramapimod
504,Linsitinib,Pictilisib
505,Olaparib,SCH772984
506,Navitoclax,MK-1775
507,AZD8055,Trametinib
508,Pictilisib,Temozolomide
509,BMS-754807,Dabrafenib
510,Taselisib,Axitinib
511,Gemcitabine,Erlotinib
512,Irinotecan,Linsitinib
513,Luminespib,JQ1
514,Irinotecan,MK-1775
515,Luminespib,Alisertib
516,Gemcitabine,Sapitinib
517,Dactolisib,Paclitaxel
518,MK-2206,Paclitaxel
519,Bortezomib,Wee1 Inhibitor
520,AZD7762,Tozasertib
521,Palbociclib,SB216763
522,Sapitinib,Lapatinib
523,Sorafenib,5-Fluorouracil
524,SB216763,MK-1775
525,Crizotinib,Ruxolitinib
526,Linsitinib,Ruxolitinib
527,Dabrafenib,Afatinib
528,Cisplatin,Tozasertib
529,AZD7762,BMS-754807
530,PD173074,Navitoclax
531,Navitoclax,Venetoclax
532,MK-1775,PF-4708671
533,AZD8055,Taselisib
534,LGK974,SB216763
535,Luminespib,Camptothecin
536,Paclitaxel,Lapatinib
537,Taselisib,Oxaliplatin
538,Pictilisib,SCH772984
539,MK-2206,ZM447439
540,Bortezomib,AZD7762
541,MK-2206,Axitinib
542,Temozolomide,Linsitinib
543,Dasatinib,Trametinib
544,Taselisib,MK-2206
545,Docetaxel,PF-4708671
546,Cisplatin,5-Fluorouracil
547,Luminespib,Alpelisib
548,Trametinib,Axitinib
549,BMS-754807,AZD4547
550,Trametinib,PF-4708671
551,Taselisib,Sorafenib
552,AZD7762,Pictilisib
553,5-Fluorouracil,Lapatinib
554,Vorinostat,Cisplatin
555,Lapatinib,Afatinib
556,Palbociclib,Linsitinib
557,MK-1775,Palbociclib
558,Linsitinib,KU-55933
559,Afatinib,LGK974
560,Cisplatin,Dasatinib
561,Sapitinib,AZD8055
562,MK-2206,Erlotinib
563,MK-2206,PD173074
564,Ruxolitinib,Dasatinib
565,AZD8055,Afatinib
566,Navitoclax,ZM447439
567,Afatinib,5-Fluorouracil
568,Erlotinib,LGK974
569,Sapitinib,MK-1775
570,Gemcitabine,Paclitaxel
571,AZD8055,AZD7762
572,Pictilisib,Alpelisib
573,Axitinib,Venetoclax
574,Docetaxel,Alpelisib
575,Taselisib,Wee1 Inhibitor
576,Linsitinib,Tozasertib
577,Gemcitabine,Lapatinib
578,AZD7762,LGK974
579,AZD7762,JQ1
580,OSI-027,Oxaliplatin
581,Olaparib,Bortezomib
582,Temozolomide,Afatinib
583,BMS-754807,Linsitinib
584,5-Fluorouracil,Olaparib
585,Ruxolitinib,Olaparib
586,5-Fluorouracil,Alpelisib
587,OSI-027,Axitinib
588,Pictilisib,Nilotinib
589,Luminespib,Olaparib
590,Camptothecin,Crizotinib
591,BMS-754807,Olaparib
592,Axitinib,PF-4708671
593,Olaparib,JQ1
594,Gemcitabine,Cisplatin
595,Linsitinib,Camptothecin
596,BMS-754807,Taselisib
597,MK-2206,MK-1775
598,Bortezomib,Uprosertib
599,MK-1775,MK-2206
600,OSI-027,PD173074
601,Taselisib,Tozasertib
602,Docetaxel,Pictilisib
603,AZD8055,MK-2206
604,Oxaliplatin,Palbociclib
605,Trametinib,SCH772984
606,Vorinostat,Entinostat
607,5-Fluorouracil,SB216763
608,Bortezomib,NU7441
609,Gemcitabine,MK-1775
610,BMS-754807,Oxaliplatin
611,Pictilisib,Ribociclib
612,LGK974,SCH772984
613,Irinotecan,MK-2206
614,Lapatinib,SB216763
615,SB216763,SB505124
616,Taselisib,OSI-027
617,Docetaxel,Venetoclax
618,Axitinib,Alpelisib
619,Luminespib,GSK269962A
620,Temozolomide,Venetoclax
621,Ruxolitinib,Trametinib
622,Pictilisib,Paclitaxel
623,5-Fluorouracil,Docetaxel
624,Bortezomib,Trametinib
625,Paclitaxel,Olaparib
626,Linsitinib,MK-2206
627,MK-1775,Venetoclax
628,Navitoclax,LGK974
629,Cisplatin,Trametinib
630,Linsitinib,Bortezomib
631,Navitoclax,PF-4708671
632,Cisplatin,Lapatinib
633,OSI-027,Uprosertib
634,MK-2206,Lapatinib
635,Bortezomib,Afatinib
636,Linsitinib,JQ1
637,Pictilisib,Entinostat
638,Docetaxel,GSK269962A
639,Ruxolitinib,SCH772984
640,Afatinib,SB216763
641,Galunisertib,Oxaliplatin
642,Oxaliplatin,OSI-027
643,Linsitinib,Uprosertib
644,Cisplatin,Palbociclib
645,MK-1775,Tozasertib
646,Dactolisib,Cisplatin
647,Olaparib,ZM447439
648,AZD7762,Camptothecin
649,Linsitinib,Cisplatin
650,Dabrafenib,Palbociclib
651,Erlotinib,Linsitinib
652,Crizotinib,Cisplatin
653,Vinorelbine,Olaparib
654,BMS-754807,MK-2206
655,Luminespib,PD173074
656,5-Fluorouracil,Tozasertib
657,Vorinostat,Lapatinib
658,Olaparib,AZD7762
659,Afatinib,Linsitinib
660,AZD7762,Dactolisib
661,Dasatinib,Ruxolitinib
662,MK-1775,OSI-027
663,MK-1775,ZM447439
664,Irinotecan,Navitoclax
665,MK-2206,Wee1 Inhibitor
666,Taselisib,Sapitinib
667,MK-1775,Alpelisib
668,MK-2206,Vorinostat
669,Luminespib,AZD6482
670,Taselisib,Gemcitabine
671,Navitoclax,Crizotinib
672,Linsitinib,Doramapimod
673,Cisplatin,Pictilisib
674,Oxaliplatin,Galunisertib
675,Lapatinib,5-Fluorouracil
676,Vorinostat,Linsitinib
677,Linsitinib,Galunisertib
678,Navitoclax,MK-2206
679,OSI-027,Navitoclax
680,Taselisib,BI-2536
681,Gemcitabine,GSK269962A
682,LGK974,AZD4547
683,Taselisib,Lapatinib
684,Galunisertib,OSI-027
685,Temozolomide,Taselisib
686,5-Fluorouracil,Entinostat
687,Sapitinib,Venetoclax
688,MK-1775,Ribociclib
689,Sorafenib,LGK974
690,Navitoclax,Docetaxel
691,Palbociclib,GSK269962A
692,Vorinostat,Taselisib
693,Paclitaxel,Dasatinib
694,AZD7762,SB505124
695,Docetaxel,Bortezomib
696,5-Fluorouracil,NU7441
697,Oxaliplatin,Taselisib
698,Taselisib,Entinostat
699,Docetaxel,Doramapimod
700,Axitinib,AZD8055
701,Linsitinib,Gemcitabine
702,Oxaliplatin,Olaparib
703,BMS-754807,SB216763
704,Crizotinib,Gemcitabine
705,Navitoclax,AZD7762
706,PD173074,Temozolomide
707,PD173074,Olaparib
708,Navitoclax,Bortezomib
709,Taselisib,Paclitaxel
710,SCH772984,SB216763
711,Camptothecin,Palbociclib
712,Pictilisib,AZD6482
713,Sapitinib,GSK269962A
714,Crizotinib,Sapitinib
715,Axitinib,KU-55933
716,LGK974,Dactolisib
717,MK-2206,Luminespib
718,Bortezomib,Entinostat
719,Olaparib,Alpelisib
720,5-Fluorouracil,Cisplatin
721,Afatinib,MK-2206
722,MK-1775,Dactolisib
723,Luminespib,Doramapimod
724,5-Fluorouracil,Trametinib
725,Palbociclib,Olaparib
726,Axitinib,NU7441
727,Dasatinib,5-Fluorouracil
728,Navitoclax,Tozasertib
729,Gemcitabine,Luminespib
730,Trametinib,Luminespib
731,Olaparib,Navitoclax
732,Docetaxel,Cisplatin
733,Temozolomide,AZD6482
734,Oxaliplatin,Trametinib
735,MK-1775,Galunisertib
736,Taselisib,Doramapimod
737,AZD4547,Crizotinib
738,Axitinib,JQ1
739,Olaparib,PF-4708671
740,Luminespib,Temozolomide
741,Sapitinib,PF-4708671
742,Pictilisib,PD173074
743,Taselisib,Dabrafenib
744,Bortezomib,BI-2536
745,Taselisib,AZD7762
746,Dasatinib,Navitoclax
747,Dactolisib,Palbociclib
748,Lapatinib,SCH772984
749,Docetaxel,AZD8055
750,Pictilisib,Sorafenib
751,SB505124,Crizotinib
752,Dabrafenib,AZD7762
753,Ruxolitinib,Palbociclib
754,Navitoclax,OSI-027
755,Temozolomide,Trametinib
756,Bortezomib,Temozolomide
757,PD173074,Paclitaxel
758,Docetaxel,Nilotinib
759,Cisplatin,RO-3306
760,Luminespib,Taselisib
761,Bortezomib,Taselisib
762,Sapitinib,Cisplatin
763,MK-2206,Nilotinib
764,Taselisib,Vinorelbine
765,OSI-027,BI-2536
766,OSI-027,Docetaxel
767,Dactolisib,Galunisertib
768,Pictilisib,Wee1 Inhibitor
769,MK-2206,Trametinib
770,Sapitinib,Wee1 Inhibitor
771,MK-1775,SCH772984
772,Afatinib,SB505124
773,Docetaxel,ZM447439
774,AZD7762,SB216763
775,5-Fluorouracil,Oxaliplatin
776,Temozolomide,NU7441
777,MK-1775,KU-55933
778,Trametinib,MK-2206
779,Lapatinib,Vorinostat
780,Dactolisib,AZD7762
781,Pictilisib,GSK269962A
782,Cisplatin,Linsitinib
783,Pictilisib,Taselisib
784,AZD7762,MK-1775
785,Vinorelbine,MK-1775
786,MK-1775,NU7441
787,Ruxolitinib,AZD7762
788,Sapitinib,Dabrafenib
789,Temozolomide,Alisertib
790,MK-1775,Doramapimod
791,Oxaliplatin,Dabrafenib
792,Olaparib,Dabrafenib
793,Cisplatin,Galunisertib
794,Navitoclax,Ribociclib
795,Lapatinib,Erlotinib
796,PD173074,Dabrafenib
797,LGK974,Trametinib
798,MK-2206,SB505124
799,Temozolomide,Doramapimod
800,Pictilisib,Vorinostat
801,Docetaxel,Gemcitabine
802,MK-1775,Temozolomide
803,PD173074,Taselisib
804,Axitinib,Uprosertib
805,5-Fluorouracil,Erlotinib
806,AZD7762,Sorafenib
807,Linsitinib,Alisertib
808,Vorinostat,Wee1 Inhibitor
809,Taselisib,Trametinib
810,Crizotinib,Venetoclax
811,Docetaxel,Sapitinib
812,SCH772984,Galunisertib
813,Trametinib,AZD7762
814,Oxaliplatin,Cisplatin
815,Palbociclib,Ribociclib
816,Paclitaxel,Sorafenib
817,5-Fluorouracil,BMS-754807
818,Cisplatin,Afatinib
819,Paclitaxel,Irinotecan
820,Galunisertib,5-Fluorouracil
821,SB505124,Taselisib
822,Palbociclib,Axitinib
823,Dactolisib,OSI-027
824,Taselisib,Dactolisib
825,Taselisib,Olaparib
826,Camptothecin,SB216763
827,AZD7762,Irinotecan
828,MK-1775,Nilotinib
829,Bortezomib,Palbociclib
830,Taselisib,Palbociclib
831,Lapatinib,JQ1
832,OSI-027,Irinotecan
833,Sapitinib,AZD7762
834,Palbociclib,JQ1
835,Gemcitabine,Tozasertib
836,Gemcitabine,Olaparib
837,Gemcitabine,Linsitinib
838,SB216763,Dabrafenib
839,Navitoclax,Galunisertib
840,Taselisib,Galunisertib
841,Sapitinib,Trametinib
842,Olaparib,Ruxolitinib
843,Dactolisib,5-Fluorouracil
844,Linsitinib,MK-1775
845,Axitinib,Doramapimod
846,AZD4547,Sapitinib
847,Erlotinib,Cisplatin
848,SB216763,Linsitinib
849,Galunisertib,Erlotinib
850,AZD7762,Ribociclib
851,Cisplatin,Ruxolitinib
852,AZD7762,KU-55933
853,5-Fluorouracil,RO-3306
854,Pictilisib,Palbociclib
855,Sapitinib,KU-55933
856,Trametinib,Crizotinib
857,Taselisib,GSK269962A
858,LGK974,Navitoclax
859,Axitinib,Temozolomide
860,Taselisib,AZD4547
861,AZD7762,5-Fluorouracil
862,Paclitaxel,Navitoclax
863,Irinotecan,Ruxolitinib
864,Linsitinib,Nilotinib
865,Temozolomide,BI-2536
866,Docetaxel,Camptothecin
867,Docetaxel,Crizotinib
868,Temozolomide,Docetaxel
869,Palbociclib,AZD8055
870,Linsitinib,Sorafenib
871,Navitoclax,SCH772984
872,Sapitinib,Olaparib
873,MK-1775,Alisertib
874,Olaparib,Cisplatin
875,Vorinostat,Luminespib
876,Sorafenib,Crizotinib
877,Olaparib,OSI-027
878,Sapitinib,Docetaxel
879,LGK974,Erlotinib
880,Lapatinib,Trametinib
881,Trametinib,MK-1775
882,Luminespib,Bortezomib
883,Taselisib,SB505124
884,Vorinostat,Uprosertib
885,SB505124,Dabrafenib
886,Navitoclax,NU7441
887,Navitoclax,Uprosertib
888,Vinorelbine,BMS-754807
889,SCH772984,Irinotecan
890,Sorafenib,Lapatinib
891,AZD7762,Paclitaxel
892,Navitoclax,Erlotinib
893,MK-2206,Tozasertib
894,Vorinostat,Bortezomib
895,Oxaliplatin,Ruxolitinib
896,Erlotinib,Galunisertib
897,Docetaxel,Lapatinib
898,Dabrafenib,SB216763
899,5-Fluorouracil,Paclitaxel
900,Navitoclax,Temozolomide
901,Navitoclax,BMS-754807
902,Taselisib,Temozolomide
903,Linsitinib,NU7441
904,Taselisib,Camptothecin
905,PD173074,Bortezomib
906,Erlotinib,Palbociclib
907,Crizotinib,NU7441
908,Trametinib,Lapatinib
909,Irinotecan,Dasatinib
910,BMS-754807,Sapitinib
911,Taselisib,Irinotecan
912,Pictilisib,SB216763
913,Crizotinib,Navitoclax
914,AZD7762,Palbociclib
915,PD173074,JQ1
916,Cisplatin,Nilotinib
917,MK-2206,Venetoclax
918,OSI-027,NU7441
919,5-Fluorouracil,BI-2536
920,PD173074,PF-4708671
921,Bortezomib,Doramapimod
922,SB216763,Olaparib
923,Vorinostat,Tozasertib
924,Paclitaxel,Palbociclib
925,PD173074,Uprosertib
926,Lapatinib,LGK974
927,Dactolisib,Olaparib
928,Luminespib,Sorafenib
929,Cisplatin,AZD8055
930,Axitinib,Alisertib
931,Navitoclax,Nilotinib
932,Pictilisib,Linsitinib
933,PD173074,Luminespib
934,SB505124,Sapitinib
935,Erlotinib,SCH772984
936,Irinotecan,Erlotinib
937,Olaparib,Sorafenib
938,Docetaxel,Taselisib
939,AZD7762,Crizotinib
940,Afatinib,SCH772984
941,Vorinostat,OSI-027
942,Linsitinib,Afatinib
943,Olaparib,Gemcitabine
944,Irinotecan,Dactolisib
945,OSI-027,Bortezomib
946,Sapitinib,ZM447439
947,Dactolisib,Lapatinib
948,AZD7762,Navitoclax
949,Olaparib,MK-2206
950,AZD7762,PD173074
951,Lapatinib,Crizotinib
952,Oxaliplatin,SB505124
953,Linsitinib,Dactolisib
954,Oxaliplatin,Erlotinib
955,BMS-754807,Crizotinib
956,PD173074,Doramapimod
957,OSI-027,Erlotinib
958,MK-1775,Irinotecan
959,Lapatinib,PD173074
960,PD173074,SCH772984
961,Lapatinib,Ribociclib
962,Linsitinib,Entinostat
963,Taselisib,Alisertib
964,Bortezomib,Luminespib
965,MK-2206,Afatinib
966,SB216763,Camptothecin
967,MK-1775,Afatinib
968,Trametinib,Afatinib
969,Pictilisib,Luminespib
970,Vinorelbine,Trametinib
971,5-Fluorouracil,Ribociclib
972,AZD8055,Navitoclax
973,Vinorelbine,AZD4547
974,Trametinib,Wee1 Inhibitor
975,LGK974,Dabrafenib
976,5-Fluorouracil,GSK269962A
977,Axitinib,SB216763
978,Dabrafenib,5-Fluorouracil
979,Trametinib,Irinotecan
980,Camptothecin,Dabrafenib
981,Sapitinib,Palbociclib
982,Pictilisib,KU-55933
983,Trametinib,Dabrafenib
984,Lapatinib,Pictilisib
985,Docetaxel,Axitinib
986,Galunisertib,Trametinib
987,Camptothecin,AZD4547
988,SCH772984,SB505124
989,Paclitaxel,OSI-027
990,Docetaxel,Dabrafenib
991,Gemcitabine,Sorafenib
992,Oxaliplatin,MK-2206
993,Pictilisib,MK-2206
994,SCH772984,LGK974
995,Gemcitabine,Temozolomide
996,Lapatinib,BI-2536
997,AZD4547,Palbociclib
998,LGK974,Galunisertib
999,Bortezomib,SCH772984
1000,Palbociclib,Doramapimod
1001,PD173074,AZD7762
1002,OSI-027,ZM447439
1003,SCH772984,5-Fluorouracil
1004,Dactolisib,Dasatinib
1005,Camptothecin,Linsitinib
1006,LGK974,Paclitaxel
1007,5-Fluorouracil,Sorafenib
1008,Gemcitabine,Ruxolitinib
1009,Erlotinib,Paclitaxel
1010,LGK974,Linsitinib
1011,Oxaliplatin,MK-1775
1012,Sapitinib,Tozasertib
1013,Afatinib,Taselisib
1014,Taselisib,Ribociclib
1015,Galunisertib,Cisplatin
1016,Taselisib,Navitoclax
1017,AZD7762,Docetaxel
1018,Galunisertib,Dactolisib
1019,Taselisib,PD173074
1020,Pictilisib,Cisplatin
1021,Navitoclax,Pictilisib
1022,Temozolomide,5-Fluorouracil
1023,Afatinib,Oxaliplatin
1024,Crizotinib,Entinostat
1025,Ruxolitinib,Navitoclax
1026,Palbociclib,SCH772984
1027,5-Fluorouracil,AZD6482
1028,OSI-027,Temozolomide
1029,Luminespib,Trametinib
1030,Crizotinib,Erlotinib
1031,AZD7762,AZD6482
1032,Cisplatin,Gemcitabine
1033,Luminespib,Vorinostat
1034,Docetaxel,AZD6482
1035,Gemcitabine,PD173074
1036,SCH772984,AZD7762
1037,Bortezomib,OSI-027
1038,Pictilisib,NU7441
1039,Paclitaxel,Cisplatin
1040,AZD7762,Uprosertib
1041,BMS-754807,Palbociclib
1042,AZD8055,5-Fluorouracil
1043,Luminespib,Tozasertib
1044,Galunisertib,MK-2206
1045,Navitoclax,Irinotecan
1046,Crizotinib,BI-2536
1047,LGK974,Gemcitabine
1048,Crizotinib,Irinotecan
1049,MK-2206,5-Fluorouracil
1050,5-Fluorouracil,Uprosertib
1051,AZD7762,Cisplatin
1052,Camptothecin,Sapitinib
1053,Temozolomide,SCH772984
1054,Palbociclib,KU-55933
1055,Navitoclax,Afatinib
1056,Crizotinib,Temozolomide
1057,Vorinostat,AZD8055
1058,Gemcitabine,Oxaliplatin
1059,Bortezomib,Tozasertib
1060,LGK974,Sapitinib
1061,Olaparib,Lapatinib
1062,Oxaliplatin,Linsitinib
1063,Cisplatin,Dactolisib
1064,MK-1775,LGK974
1065,Crizotinib,JQ1
1066,Olaparib,Oxaliplatin
1067,Axitinib,Entinostat
1068,Docetaxel,BI-2536
1069,Vorinostat,Temozolomide
1070,Linsitinib,Docetaxel
1071,Axitinib,Palbociclib
1072,Galunisertib,Gemcitabine
1073,Linsitinib,RO-3306
1074,Galunisertib,AZD7762
1075,AZD7762,Doramapimod
1076,Olaparib,Taselisib
1077,PD173074,Alisertib
1078,Trametinib,5-Fluorouracil
1079,AZD7762,Dabrafenib
1080,Vorinostat,Camptothecin
1081,Navitoclax,Sorafenib
1082,AZD7762,Galunisertib
1083,Oxaliplatin,AZD4547
1084,Dasatinib,Olaparib
1085,Sorafenib,Oxaliplatin
1086,Galunisertib,Navitoclax
1087,Pictilisib,Sapitinib
1088,Oxaliplatin,Afatinib
1089,Vorinostat,Crizotinib
1090,SB216763,Navitoclax
1091,Bortezomib,Sorafenib
1092,SB505124,Linsitinib
1093,Olaparib,Temozolomide
1094,Dasatinib,Galunisertib
1095,Palbociclib,Nilotinib
1096,5-Fluorouracil,Pictilisib
1097,Navitoclax,Alpelisib
1098,PD173074,GSK269962A
1099,MK-1775,AZD6482
1100,Axitinib,MK-2206
1101,Linsitinib,Trametinib
1102,Cisplatin,Bortezomib
1103,Palbociclib,AZD6482
1104,Axitinib,Bortezomib
1105,AZD4547,Linsitinib
1106,AZD4547,Olaparib
1107,Bortezomib,MK-2206
1108,Ruxolitinib,MK-2206
1109,Gemcitabine,Entinostat
1110,Palbociclib,AZD4547
1111,Linsitinib,SB505124
1112,Dactolisib,Irinotecan
1113,Vinorelbine,Taselisib
1114,OSI-027,Luminespib
1115,Linsitinib,Irinotecan
1116,Temozolomide,Tozasertib
1117,MK-1775,Pictilisib
1118,Lapatinib,ZM447439
1119,AZD8055,MK-1775
1120,Temozolomide,Palbociclib
1121,Crizotinib,Galunisertib
1122,Vinorelbine,Linsitinib
1123,Ruxolitinib,Crizotinib
1124,SCH772984,Sapitinib
1125,Paclitaxel,Erlotinib
1126,MK-2206,Crizotinib
1127,5-Fluorouracil,Vorinostat
1128,Sapitinib,Navitoclax
1129,Afatinib,Camptothecin
1130,Cisplatin,Crizotinib
1131,Palbociclib,Ruxolitinib
1132,Pictilisib,Venetoclax
1133,Erlotinib,Navitoclax
1134,LGK974,Vinorelbine
1135,Dabrafenib,Crizotinib
1136,Taselisib,ZM447439
1137,Luminespib,KU-55933
1138,Sorafenib,SCH772984
1139,SB216763,Vinorelbine
1140,Luminespib,MK-1775
1141,AZD7762,RO-3306
1142,PD173074,Lapatinib
1143,Trametinib,Doramapimod
1144,Trametinib,Bortezomib
1145,5-Fluorouracil,KU-55933
1146,Paclitaxel,SCH772984
1147,PD173074,Sorafenib
1148,Camptothecin,MK-1775
1149,MK-2206,Linsitinib
1150,Sapitinib,Ribociclib
1151,MK-1775,Docetaxel
1152,Trametinib,JQ1
1153,PD173074,5-Fluorouracil
1154,Trametinib,Alisertib
1155,Bortezomib,GSK269962A
1156,MK-1775,Taselisib
1157,OSI-027,SB216763
1158,OSI-027,SCH772984
1159,SB505124,AZD4547
1160,Axitinib,Vorinostat
1161,OSI-027,Sorafenib
1162,Cisplatin,Temozolomide
1163,Olaparib,Afatinib
1164,Temozolomide,Bortezomib
1165,Dabrafenib,LGK974
1166,Palbociclib,Trametinib
1167,SCH772984,Dabrafenib
1168,Vinorelbine,Afatinib
1169,Axitinib,Tozasertib
1170,SB216763,Trametinib
1171,Taselisib,LGK974
1172,MK-1775,Bortezomib
1173,Olaparib,Irinotecan
1174,PD173074,AZD6482
1175,MK-1775,GSK269962A
1176,Sorafenib,Galunisertib
1177,Paclitaxel,Galunisertib
1178,Axitinib,Pictilisib
1179,Dactolisib,MK-2206
1180,Sapitinib,BMS-754807
1181,Ruxolitinib,Galunisertib
1182,Erlotinib,Sorafenib
1183,Axitinib,OSI-027
1184,Axitinib,ZM447439
1185,Olaparib,SB505124
1186,Bortezomib,Olaparib
1187,Trametinib,AZD8055
1188,Dabrafenib,Oxaliplatin
1189,SCH772984,Paclitaxel
1190,PD173074,SB216763
1191,MK-2206,Pictilisib
1192,Cisplatin,SCH772984
1193,Oxaliplatin,Vinorelbine
1194,MK-2206,Gemcitabine
1195,Erlotinib,MK-2206
1196,Trametinib,Nilotinib
1197,Galunisertib,Palbociclib
1198,Luminespib,Linsitinib
1199,Linsitinib,Vinorelbine
1200,Taselisib,Vorinostat
1201,AZD8055,SB505124
1202,SCH772984,Cisplatin
1203,Lapatinib,NU7441
1204,Gemcitabine,ZM447439
1205,Vorinostat,Sapitinib
1206,5-Fluorouracil,Crizotinib
1207,Crizotinib,Paclitaxel
1208,Navitoclax,AZD6482
1209,BMS-754807,Camptothecin
1210,Cisplatin,Alisertib
1211,Sorafenib,AZD7762
1212,Palbociclib,Oxaliplatin
1213,Irinotecan,Crizotinib
1214,Vorinostat,PD173074
1215,Bortezomib,AZD6482
1216,Palbociclib,Vinorelbine
1217,Sorafenib,Navitoclax
1218,Sapitinib,NU7441
1219,Luminespib,SB216763
1220,Dabrafenib,AZD8055
1221,Bortezomib,Ribociclib
1222,Taselisib,Ruxolitinib
1223,Temozolomide,Lapatinib
1224,AZD7762,Alisertib
1225,Lapatinib,Linsitinib
1226,Navitoclax,Olaparib
1227,Axitinib,GSK269962A
1228,Navitoclax,KU-55933
1229,Palbociclib,Afatinib
1230,Pictilisib,5-Fluorouracil
1231,Gemcitabine,AZD8055
1232,SB505124,Oxaliplatin
1233,OSI-027,Dasatinib
1234,Taselisib,SCH772984
1235,Luminespib,Afatinib
1236,Crizotinib,Lapatinib
1237,Trametinib,NU7441
1238,MK-1775,Dabrafenib
1239,Vorinostat,NU7441
1240,Cisplatin,Navitoclax
1241,MK-2206,LGK974
1242,Sapitinib,Crizotinib
1243,PD173074,Sapitinib
1244,AZD8055,Dabrafenib
1245,Paclitaxel,Linsitinib
1246,Lapatinib,RO-3306
1247,Vorinostat,RO-3306
1248,Olaparib,BI-2536
1249,Galunisertib,Irinotecan
1250,Paclitaxel,5-Fluorouracil
1251,Erlotinib,Irinotecan
1252,Cisplatin,Alpelisib
1253,AZD7762,PF-4708671
1254,Bortezomib,Alpelisib
1255,Linsitinib,Venetoclax
1256,OSI-027,Entinostat
1257,MK-2206,Cisplatin
1258,MK-1775,Vinorelbine
1259,Lapatinib,Camptothecin
1260,Sapitinib,Nilotinib
1261,Navitoclax,AZD4547
1262,OSI-027,Linsitinib
1263,OSI-027,MK-1775
1264,OSI-027,Palbociclib
1265,Erlotinib,Olaparib
1266,Crizotinib,PD173074
1267,Trametinib,AZD4547
1268,Dabrafenib,BMS-754807
1269,OSI-027,Ruxolitinib
1270,Dactolisib,LGK974
1271,Sapitinib,Sorafenib
1272,Bortezomib,Dabrafenib
1273,AZD8055,Camptothecin
1274,Temozolomide,Crizotinib
1275,Dactolisib,Navitoclax
1276,Docetaxel,Temozolomide
1277,Gemcitabine,JQ1
1278,LGK974,OSI-027
1279,Axitinib,Camptothecin
1280,Gemcitabine,Doramapimod
1281,Sorafenib,Trametinib
1282,Irinotecan,Lapatinib
1283,Palbociclib,Temozolomide
1284,Gemcitabine,Axitinib
1285,Camptothecin,Taselisib
1286,Palbociclib,Sorafenib
1287,Linsitinib,AZD7762
1288,SCH772984,Dasatinib
1289,Dactolisib,Gemcitabine
1290,Crizotinib,MK-1775
1291,Dasatinib,MK-2206
1292,MK-2206,Doramapimod
1293,Crizotinib,Pictilisib
1294,Vorinostat,MK-2206
1295,Erlotinib,Ruxolitinib
1296,Trametinib,Dactolisib
1297,PD173074,Alpelisib
1298,Galunisertib,Sorafenib
1299,LGK974,Ruxolitinib
1300,OSI-027,Lapatinib
1301,Bortezomib,Linsitinib
1302,Temozolomide,AZD7762
1303,5-Fluorouracil,MK-2206
1304,Dasatinib,AZD7762
1305,Docetaxel,KU-55933
1306,AZD7762,ZM447439
1307,Docetaxel,Ribociclib
1308,Taselisib,Cisplatin
1309,Temozolomide,ZM447439
1310,Dactolisib,SCH772984
1311,MK-1775,Olaparib
1312,Sapitinib,Alisertib
1313,MK-2206,Taselisib
1314,Bortezomib,Docetaxel
1315,Palbociclib,AZD7762
1316,Sapitinib,JQ1
1317,Trametinib,Ribociclib
1318,LGK974,Sorafenib
1319,Cisplatin,MK-2206
1320,Paclitaxel,Taselisib
1321,5-Fluorouracil,Axitinib
1322,Palbociclib,Uprosertib
1323,SB505124,Camptothecin
1324,SCH772984,Vinorelbine
1325,MK-1775,Uprosertib
1326,Afatinib,Vinorelbine
1327,SCH772984,Oxaliplatin
1328,AZD4547,5-Fluorouracil
1329,Taselisib,Alpelisib
1330,Docetaxel,Wee1 Inhibitor
1331,Erlotinib,Dactolisib
1332,AZD7762,AZD8055
1333,SCH772984,Palbociclib
1334,OSI-027,Vorinostat
1335,Linsitinib,LGK974
1336,Navitoclax,5-Fluorouracil
1337,MK-2206,SCH772984
1338,Ruxolitinib,Erlotinib
1339,Crizotinib,LGK974
1340,AZD4547,LGK974
1341,MK-1775,Erlotinib
1342,Lapatinib,Dabrafenib
1343,BMS-754807,AZD7762
1344,PD173074,Crizotinib
1345,Bortezomib,AZD8055
1346,Olaparib,Alisertib
1347,Olaparib,AZD8055
1348,AZD7762,Afatinib
1349,Camptothecin,SB505124
1350,Sorafenib,OSI-027
1351,Linsitinib,Temozolomide
1352,Paclitaxel,MK-2206
1353,OSI-027,Afatinib
1354,Axitinib,Nilotinib
1355,Crizotinib,OSI-027
1356,LGK974,SB505124
1357,Pictilisib,OSI-027
1358,Olaparib,Trametinib
1359,Linsitinib,Wee1 Inhibitor
1360,Trametinib,Alpelisib
1361,MK-1775,Dasatinib
1362,Ruxolitinib,Lapatinib
1363,Vinorelbine,SCH772984
1364,Crizotinib,Wee1 Inhibitor
1365,MK-2206,GSK269962A
1366,Palbociclib,Luminespib
1367,SB505124,Palbociclib
1368,Erlotinib,Dasatinib
1369,BMS-754807,SCH772984
1370,LGK974,Olaparib
1371,Ruxolitinib,Oxaliplatin
1372,SB216763,Sapitinib
1373,SCH772984,MK-2206
1374,5-Fluorouracil,Gemcitabine
1375,Crizotinib,Tozasertib
1376,Crizotinib,RO-3306
1377,AZD7762,BI-2536
1378,Axitinib,Olaparib
1379,Taselisib,SB216763
1380,Camptothecin,Olaparib
1381,5-Fluorouracil,PD173074
1382,Dabrafenib,MK-1775
1383,Irinotecan,Galunisertib
1384,Trametinib,SB216763
1385,5-Fluorouracil,OSI-027
1386,Dactolisib,Oxaliplatin
1387,Bortezomib,JQ1
1388,Crizotinib,Camptothecin
1389,5-Fluorouracil,Sapitinib
1390,Cisplatin,MK-1775
1391,MK-2206,NU7441
1392,AZD7762,OSI-027
1393,MK-1775,Linsitinib
1394,Crizotinib,BMS-754807
1395,Docetaxel,SB216763
1396,Axitinib,Sapitinib
1397,SB216763,Palbociclib
1398,Docetaxel,SCH772984
1399,Cisplatin,Irinotecan
1400,Palbociclib,Dactolisib
1401,Dasatinib,Dactolisib
1402,Oxaliplatin,Camptothecin
1403,Pictilisib,Docetaxel
1404,Temozolomide,PF-4708671
1405,Linsitinib,GSK269962A
1406,Linsitinib,AZD8055
1407,Axitinib,Gemcitabine
1408,Temozolomide,Nilotinib
1409,Docetaxel,Uprosertib
1410,Trametinib,Venetoclax
1411,AZD8055,Crizotinib
1412,Temozolomide,Camptothecin
1413,Oxaliplatin,Sorafenib
1414,OSI-027,GSK269962A
1415,Crizotinib,SB505124
1416,Sapitinib,Gemcitabine
1417,Palbociclib,Wee1 Inhibitor
1418,AZD7762,Trametinib
1419,5-Fluorouracil,Ruxolitinib
1420,Vinorelbine,Navitoclax
1421,Lapatinib,Wee1 Inhibitor
1422,SCH772984,Erlotinib
1423,SB505124,5-Fluorouracil
1424,AZD4547,SCH772984
1425,BMS-754807,Navitoclax
1426,Lapatinib,Cisplatin
1427,MK-2206,AZD6482
1428,Luminespib,Uprosertib
1429,Sorafenib,Olaparib
1430,Crizotinib,MK-2206
1431,Olaparib,Crizotinib
1432,Dasatinib,MK-1775
1433,BMS-754807,AZD8055
1434,Afatinib,AZD4547
1435,Temozolomide,MK-1775
1436,AZD8055,Palbociclib
1437,AZD4547,AZD8055
1438,5-Fluorouracil,Temozolomide
1439,Pictilisib,Uprosertib
1440,Paclitaxel,LGK974
1441,Taselisib,JQ1
1442,Camptothecin,Vinorelbine
1443,Lapatinib,Palbociclib
1444,Vorinostat,Palbociclib
1445,Axitinib,Linsitinib
1446,Lapatinib,Paclitaxel
1447,SCH772984,OSI-027
1448,Ruxolitinib,Paclitaxel
1449,LGK974,Irinotecan
1450,Gemcitabine,Irinotecan
1451,Palbociclib,Tozasertib
1452,Trametinib,BI-2536
1453,Axitinib,Paclitaxel
1454,LGK974,MK-1775
1455,Gemcitabine,Wee1 Inhibitor
1456,Vorinostat,AZD7762
1457,PD173074,MK-2206
1458,SB505124,BMS-754807
1459,Gemcitabine,Afatinib
1460,Lapatinib,Entinostat
1461,Palbociclib,Gemcitabine
1462,AZD7762,GSK269962A
1463,Sapitinib,Doramapimod
1464,Navitoclax,Dasatinib
1465,Palbociclib,OSI-027
1466,AZD8055,Oxaliplatin
1467,Luminespib,Gemcitabine
1468,Cisplatin,Vorinostat
1469,Crizotinib,GSK269962A
1470,5-Fluorouracil,SB505124
1471,Dabrafenib,Sapitinib
1472,Trametinib,Palbociclib
1473,PD173074,Axitinib
1474,Erlotinib,Lapatinib
1475,LGK974,Camptothecin
1476,Cisplatin,Taselisib
1477,Taselisib,Erlotinib
1478,Axitinib,Wee1 Inhibitor
1479,Taselisib,Venetoclax
1480,Crizotinib,Trametinib
1481,Dasatinib,Irinotecan
1482,MK-2206,Dabrafenib
1483,LGK974,Lapatinib
1484,Olaparib,Galunisertib
1485,Cisplatin,Dabrafenib
1486,Sapitinib,Paclitaxel
1487,Ruxolitinib,OSI-027
1488,MK-2206,Sorafenib
1489,Lapatinib,OSI-027
1490,Navitoclax,Linsitinib
1491,Luminespib,Navitoclax
1492,Cisplatin,Oxaliplatin
1493,Crizotinib,PF-4708671
1494,MK-2206,BMS-754807
1495,Trametinib,Vorinostat
1496,Bortezomib,5-Fluorouracil
1497,Lapatinib,Gemcitabine
1498,Olaparib,Dactolisib
1499,Sorafenib,Erlotinib
1500,Erlotinib,Gemcitabine
1501,Oxaliplatin,BMS-754807
1502,Taselisib,RO-3306
1503,Sapitinib,Uprosertib
1504,MK-1775,Ruxolitinib
1505,Vorinostat,Doramapimod
1506,Oxaliplatin,Irinotecan
1507,Lapatinib,Tozasertib
1508,Lapatinib,Sapitinib
1509,Olaparib,Venetoclax
1510,SB505124,SCH772984
1511,Sapitinib,LGK974
1512,AZD7762,Luminespib
1513,Afatinib,AZD8055
1514,OSI-027,Taselisib
1515,MK-1775,SB216763
1516,5-Fluorouracil,JQ1
1517,Vorinostat,Venetoclax
1518,PD173074,BI-2536
1519,Linsitinib,Dabrafenib
1520,AZD8055,Sapitinib
1521,5-Fluorouracil,PF-4708671
1522,Sapitinib,5-Fluorouracil
1523,Bortezomib,Axitinib
1524,Afatinib,MK-1775
1525,SCH772984,MK-1775
1526,SCH772984,Dactolisib
1527,Palbociclib,Camptothecin
1528,Taselisib,Linsitinib
1529,Gemcitabine,Trametinib
1530,Linsitinib,Taselisib
1531,5-Fluorouracil,Dabrafenib
1532,Docetaxel,JQ1
1533,Olaparib,Ribociclib
1534,Bortezomib,Paclitaxel
1535,PD173074,OSI-027
1536,Palbociclib,Cisplatin
1537,Docetaxel,Alisertib
1538,5-Fluorouracil,Luminespib
1539,Temozolomide,Sapitinib
1540,Dabrafenib,Linsitinib
1541,Camptothecin,Trametinib
1542,Crizotinib,AZD6482
1543,Navitoclax,Paclitaxel
1544,Palbociclib,RO-3306
1545,Temozolomide,PD173074
1546,Gemcitabine,Uprosertib
1547,Irinotecan,Taselisib
1548,Docetaxel,Luminespib
1549,Temozolomide,Gemcitabine
1550,Dabrafenib,SB505124
1551,Galunisertib,LGK974
1552,Vorinostat,PF-4708671
1553,Oxaliplatin,Navitoclax
1554,5-Fluorouracil,AZD8055
1555,Lapatinib,Sorafenib
1556,MK-1775,Sorafenib
1557,Crizotinib,Alisertib
1558,MK-2206,Bortezomib
1559,Navitoclax,Wee1 Inhibitor
1560,5-Fluorouracil,Nilotinib
1561,OSI-027,Venetoclax
1562,Lapatinib,MK-2206
1563,Sapitinib,Axitinib
1564,Dactolisib,Linsitinib
1565,Temozolomide,Navitoclax
1566,Linsitinib,PF-4708671
1567,Luminespib,Crizotinib
1568,Irinotecan,Gemcitabine
1569,Erlotinib,OSI-027
1570,Dactolisib,Crizotinib
1571,AZD7762,Venetoclax
1572,OSI-027,Olaparib
1573,Dasatinib,Taselisib
1574,MK-2206,SB216763
1575,PD173074,Pictilisib
1576,LGK974,5-Fluorouracil
1577,Gemcitabine,Dasatinib
1578,Crizotinib,Vinorelbine
1579,AZD7762,Lapatinib
1580,Gemcitabine,LGK974
1581,SCH772984,BMS-754807
1582,Lapatinib,Oxaliplatin
1583,Palbociclib,Entinostat
1584,Irinotecan,Sorafenib
1585,Linsitinib,Luminespib
1586,AZD8055,SB216763
1587,Sorafenib,Gemcitabine
1588,Trametinib,ZM447439
1589,Olaparib,PD173074
1590,Dasatinib,Oxaliplatin
1591,BMS-754807,LGK974
1592,Bortezomib,PD173074
1593,Vorinostat,AZD6482
1594,Erlotinib,Taselisib
1595,Axitinib,PD173074
1596,Lapatinib,Taselisib
1597,Trametinib,Galunisertib
1598,Crizotinib,AZD7762
1599,Crizotinib,Dabrafenib
1600,SB216763,Oxaliplatin
1601,SCH772984,Navitoclax
1602,Docetaxel,Linsitinib
1603,Bortezomib,Sapitinib
1604,BMS-754807,5-Fluorouracil
1605,MK-1775,Luminespib
1606,Vinorelbine,SB216763
1607,Taselisib,Pictilisib
1608,Docetaxel,Tozasertib
1609,AZD4547,SB505124
1610,OSI-027,Gemcitabine
1611,Sapitinib,RO-3306
1612,Sapitinib,SB216763
1613,Temozolomide,Paclitaxel
1614,Palbociclib,Lapatinib
1615,Oxaliplatin,Dactolisib
1616,MK-2206,Palbociclib
1617,Camptothecin,Navitoclax
1618,Galunisertib,Paclitaxel
1619,Olaparib,BMS-754807
1620,Trametinib,Linsitinib
1621,Trametinib,Tozasertib
1622,Palbociclib,BI-2536
1623,MK-2206,Dactolisib
1624,Dasatinib,Sorafenib
1625,Vorinostat,MK-1775
1626,Palbociclib,PF-4708671
1627,Lapatinib,MK-1775
1628,Oxaliplatin,SCH772984
1629,AZD7762,Alpelisib
1630,SB216763,AZD4547
1631,Olaparib,Pictilisib
1632,Axitinib,Navitoclax
1633,Bortezomib,Pictilisib
1634,Lapatinib,Alisertib
1635,5-Fluorouracil,AZD7762
1636,Linsitinib,SCH772984
1637,AZD4547,Oxaliplatin
1638,Docetaxel,RO-3306
1639,Crizotinib,Dasatinib
1640,Palbociclib,Erlotinib
1641,AZD4547,Vinorelbine
1642,Sapitinib,Linsitinib
1643,Dabrafenib,Taselisib
1644,MK-1775,Entinostat
1645,Paclitaxel,Ruxolitinib
1646,Navitoclax,Taselisib
1647,Vorinostat,Docetaxel
1648,Taselisib,Afatinib
1649,SB505124,Vinorelbine
1650,AZD4547,Taselisib
1651,SB216763,AZD7762
1652,Navitoclax,Trametinib
1653,Gemcitabine,KU-55933
1654,SCH772984,Sorafenib
1655,Navitoclax,AZD8055
1656,Navitoclax,GSK269962A
1657,Dabrafenib,MK-2206
1658,Irinotecan,AZD7762
1659,Cisplatin,ZM447439
1660,Taselisib,KU-55933
1661,LGK974,MK-2206
1662,Luminespib,AZD8055
1663,Cisplatin,Sorafenib
1664,Vorinostat,GSK269962A
1665,Camptothecin,MK-2206
1666,Gemcitabine,Docetaxel
1667,Pictilisib,Lapatinib
1668,Gemcitabine,MK-2206
1669,PD173074,Wee1 Inhibitor
1670,Axitinib,AZD6482
1671,Palbociclib,Bortezomib
1672,Pictilisib,BI-2536
1673,Cisplatin,Entinostat
1674,Bortezomib,Nilotinib
1675,Dasatinib,OSI-027
1676,Olaparib,Nilotinib
1677,Luminespib,Ribociclib
1678,PD173074,Camptothecin
1679,MK-1775,Navitoclax
1680,Linsitinib,AZD4547
1681,Taselisib,Uprosertib
1682,OSI-027,Wee1 Inhibitor
1683,Crizotinib,AZD4547
1684,Luminespib,NU7441
1685,BMS-754807,SB505124
1686,Vinorelbine,Oxaliplatin
1687,OSI-027,JQ1
1688,Lapatinib,Irinotecan
1689,Ruxolitinib,Sorafenib
1690,Trametinib,Entinostat
1691,Axitinib,Trametinib
1692,Navitoclax,JQ1
1693,AZD7762,Dasatinib
1694,Vorinostat,KU-55933
1695,Lapatinib,Temozolomide
1696,Irinotecan,Palbociclib
1697,Docetaxel,Entinostat
1698,Taselisib,Bortezomib
1699,Galunisertib,Olaparib
1700,Docetaxel,MK-1775
1701,Crizotinib,Afatinib
1702,Galunisertib,SCH772984
1703,SB216763,AZD8055
1704,Palbociclib,Dabrafenib
1705,Cisplatin,KU-55933
1706,Navitoclax,Luminespib
1707,MK-2206,Temozolomide
1708,Sapitinib,MK-2206
1709,Luminespib,Axitinib
1710,Gemcitabine,Pictilisib
1711,Axitinib,BI-2536
1712,5-Fluorouracil,Doramapimod
1713,Dabrafenib,Navitoclax
1714,PD173074,AZD8055
1715,Axitinib,Docetaxel
1716,Linsitinib,Palbociclib
1717,Palbociclib,Alpelisib
1718,Bortezomib,RO-3306
1719,Crizotinib,Palbociclib
1720,Palbociclib,BMS-754807
1721,Axitinib,Taselisib
1722,MK-2206,JQ1
1723,Crizotinib,Dactolisib
1724,5-Fluorouracil,Alisertib
1725,MK-1775,Vorinostat
1726,MK-2206,Alpelisib
1727,Cisplatin,JQ1
1728,Cisplatin,OSI-027
1729,PD173074,Nilotinib
1730,OSI-027,AZD8055
1731,Olaparib,NU7441
1732,AZD8055,Linsitinib
1733,PD173074,Ribociclib
1734,Bortezomib,Camptothecin
1735,Navitoclax,Dabrafenib
1736,Pictilisib,AZD7762
1737,OSI-027,Dactolisib
1738,MK-2206,Docetaxel
1739,Camptothecin,Oxaliplatin
1740,Vorinostat,Paclitaxel
1741,Bortezomib,KU-55933
1742,Vinorelbine,AZD8055
1743,Docetaxel,Trametinib
1744,Temozolomide,AZD8055
1745,AZD4547,MK-1775
1746,LGK974,Oxaliplatin
1747,Navitoclax,Camptothecin
1748,Erlotinib,Trametinib
1749,SB505124,LGK974
1750,OSI-027,KU-55933
1751,OSI-027,Galunisertib
1752,Temozolomide,Uprosertib
1753,MK-1775,AZD4547
1754,Linsitinib,Navitoclax
1755,Navitoclax,Vinorelbine
1756,Dabrafenib,Camptothecin
1757,Vorinostat,Ribociclib
1758,Sorafenib,MK-2206
1759,MK-1775,Trametinib
1760,Trametinib,Oxaliplatin
1761,Vorinostat,Nilotinib
1762,Trametinib,Vinorelbine
1763,Olaparib,Dasatinib
1764,LGK974,Taselisib
1765,Cisplatin,Camptothecin
1766,Palbociclib,5-Fluorouracil
1767,MK-2206,AZD8055
1768,Sapitinib,SB505124
1769,Luminespib,SCH772984
1770,Galunisertib,Lapatinib
1771,Temozolomide,Dabrafenib
1772,Crizotinib,ZM447439
1773,Trametinib,Taselisib
1774,Lapatinib,Galunisertib
1775,Linsitinib,ZM447439
1776,SCH772984,Camptothecin
1777,PD173074,Vorinostat
1778,AZD4547,Trametinib
1779,MK-1775,BI-2536
1780,Trametinib,Docetaxel
1781,Trametinib,PD173074
1782,Temozolomide,JQ1
1783,AZD7762,Entinostat
1784,Palbociclib,NU7441
1785,Afatinib,Dabrafenib
1786,Lapatinib,Olaparib
1787,MK-2206,Galunisertib
1788,Lapatinib,Dactolisib
1789,PD173074,KU-55933
1790,Sapitinib,Luminespib
1791,Luminespib,Docetaxel
1792,Olaparib,Uprosertib
1793,AZD7762,MK-2206
1794,AZD7762,Bortezomib
1795,Olaparib,Tozasertib
1796,Linsitinib,Axitinib
1797,MK-2206,Irinotecan
1798,Gemcitabine,RO-3306
1799,Docetaxel,Afatinib
1800,Trametinib,Ruxolitinib
1801,Cisplatin,Sapitinib
1802,Lapatinib,Axitinib
1803,AZD7762,Temozolomide
1804,MK-1775,Axitinib
1805,SB505124,MK-2206
1806,Axitinib,Dabrafenib
1807,Bortezomib,Vorinostat
1808,Crizotinib,Doramapimod
1809,AZD8055,LGK974
1810,Erlotinib,AZD7762
1811,PD173074,Linsitinib
1812,AZD7762,Wee1 Inhibitor
1813,Trametinib,BMS-754807
1814,Olaparib,Linsitinib
1815,Afatinib,AZD7762
1816,OSI-027,LGK974
1817,Navitoclax,Vorinostat
1818,SB505124,MK-1775
1819,Vorinostat,SCH772984
1820,SCH772984,AZD4547
1821,SCH772984,Trametinib
1822,Afatinib,Trametinib
1823,Palbociclib,Pictilisib
1824,Linsitinib,BI-2536
1825,5-Fluorouracil,Camptothecin
1826,MK-1775,5-Fluorouracil
1827,AZD4547,Afatinib
1828,Gemcitabine,Dabrafenib
1829,AZD8055,SCH772984
1830,PD173074,Docetaxel
1831,5-Fluorouracil,AZD4547
1832,Gemcitabine,Galunisertib
1833,Sorafenib,Dasatinib
1834,Cisplatin,GSK269962A
1835,Taselisib,Crizotinib
1836,MK-2206,Ruxolitinib
1837,MK-1775,Camptothecin
1838,Olaparib,RO-3306
1839,Crizotinib,Taselisib
1840,Temozolomide,KU-55933
1841,Trametinib,LGK974
1842,Linsitinib,AZD6482
1843,AZD7762,Taselisib
1844,Trametinib,Dasatinib
1845,Palbociclib,PD173074
1846,Afatinib,Olaparib
1847,AZD8055,BMS-754807
1848,Navitoclax,Lapatinib
1849,Dasatinib,Gemcitabine
1850,Crizotinib,Axitinib
1851,Cisplatin,PF-4708671
1852,Trametinib,SB505124
1853,Palbociclib,MK-2206
1854,Lapatinib,Doramapimod
1855,OSI-027,AZD6482
1856,5-Fluorouracil,Palbociclib
1857,Cisplatin,Paclitaxel
1858,OSI-027,Doramapimod
1859,Lapatinib,AZD6482
1860,5-Fluorouracil,Navitoclax
1861,PD173074,Tozasertib
1862,Gemcitabine,SCH772984
1863,Sapitinib,Vorinostat
1864,Dactolisib,Sorafenib
1865,OSI-027,RO-3306
1866,Vorinostat,JQ1
1867,Docetaxel,Palbociclib
1868,SB216763,SCH772984
1869,OSI-027,Alisertib
1870,SB505124,Olaparib
1871,OSI-027,Trametinib
1872,Vinorelbine,5-Fluorouracil
1873,Trametinib,Cisplatin
1874,Oxaliplatin,AZD7762
1875,Ruxolitinib,5-Fluorouracil
1876,Trametinib,Uprosertib
1877,Cisplatin,Uprosertib
1878,Axitinib,5-Fluorouracil
1879,Luminespib,Venetoclax
1880,Vinorelbine,LGK974
1881,AZD4547,SB216763
